{"assets":{"125E3294F242B25E1B925DBDC9A93E7B":{"type":"texture","index":2,"assetRequest":{"type":"slide","state":"contents","slide":"none"},"url":{"native":"assets\/1059190C-6175-4707-892A-32384291AC6D.pdf"},"width":113,"height":103},"1FEF1393D9079A555CC7CB8524538F62":{"type":"texture","index":3,"assetRequest":{"type":"slide","state":"contents","slide":"none"},"url":{"native":"assets\/1059190C-6175-4707-892A-32384291AC6D.pdf"},"width":1920,"height":1080},"B52E9413A4CEDEAD61D80E325F927636":{"type":"texture","index":0,"assetRequest":{"type":"slide","state":"contents","slide":"none"},"url":{"native":"assets\/1059190C-6175-4707-892A-32384291AC6D.pdf"},"width":1920,"height":1080},"86778F66D4C51E7F1BBE10B2FA339F89":{"type":"texture","index":4,"assetRequest":{"type":"slide","state":"contents","slide":"none"},"url":{"native":"assets\/1059190C-6175-4707-892A-32384291AC6D.pdf"},"width":1920,"height":1080},"5BA6DF7ACEF516F7DAB78587CF30CE20":{"type":"texture","index":5,"assetRequest":{"type":"slide","state":"contents","slide":"none"},"url":{"native":"assets\/1059190C-6175-4707-892A-32384291AC6D.pdf"},"width":1920,"height":1080},"C18E50F698DF35ECDFDE84D21DFC6211":{"type":"texture","index":1,"assetRequest":{"type":"slide","state":"contents","slide":"none"},"url":{"native":"assets\/1059190C-6175-4707-892A-32384291AC6D.pdf"},"width":1643,"height":845}},"events":[{"effects":[{"beginTime":0,"baseLayer":{"animations":[],"initialState":{"affineTransform":[1,0,0,1,0,0],"masksToBounds":false,"rotation":0,"scale":1,"position":{"pointX":961.5,"pointY":541.5},"width":1643,"sublayerTransform":[1,0,0,0,0,1,0,0,0,0,1,0,0,0,0,1],"contentsRect":{"y":0,"x":0,"width":1,"height":1},"opacity":1,"edgeAntialiasingMask":251658240,"height":845,"hidden":false,"anchorPoint":{"pointX":0.5,"pointY":0.5}},"objectID":"E805639A-6F1B-4D1C-ADDB-7043CAA50AFF","layers":[{"animations":[],"initialState":{"affineTransform":[1,0,0,1,0,0],"masksToBounds":false,"rotation":0,"scale":1,"position":{"pointX":820,"pointY":421},"width":1643,"sublayerTransform":[1,0,0,0,0,1,0,0,0,0,1,-0.00035007912466775983,0,0,0,1],"contentsRect":{"y":0,"x":0,"width":1,"height":1},"opacity":1,"edgeAntialiasingMask":251658240,"height":845,"hidden":false,"anchorPoint":{"pointX":0.49908703590992087,"pointY":0.49822485207100592}},"layers":[{"animations":[],"layers":[],"texturedRectangle":{"isBackgroundTexture":true,"singleTextureOpacity":1,"textureType":5,"textBaseline":0,"textXHeight":0,"isVerticalText":false},"initialState":{"affineTransform":[1,0,0,1,0,0],"masksToBounds":false,"rotation":0,"scale":1,"position":{"pointX":820.5,"pointY":421.5},"width":1643,"sublayerTransform":[1,0,0,0,0,1,0,0,0,0,1,0,0,0,0,1],"contentsRect":{"y":0,"x":0,"width":1,"height":1},"opacity":1,"edgeAntialiasingMask":0,"height":845,"hidden":true,"anchorPoint":{"pointX":0.5,"pointY":0.5}},"texture":"C18E50F698DF35ECDFDE84D21DFC6211"},{"animations":[{"additive":false,"timeOffset":0,"beginTime":1e-100,"repeatCount":0,"fillMode":"both","duration":7.25,"autoreverses":false,"animations":[{"additive":false,"timeOffset":0,"beginTime":0,"from":{"scalar":-68.993357168165161},"repeatCount":0,"fillMode":"removed","duration":7.25,"autoreverses":false,"property":"anchorPointZ","to":{"scalar":-68.993357168165161},"removedOnCompletion":true},{"additive":false,"timeOffset":0,"beginTime":0,"from":{"scalar":-68.993357168165161},"repeatCount":0,"fillMode":"removed","duration":7.25,"autoreverses":false,"property":"zPosition","to":{"scalar":-68.993357168165161},"removedOnCompletion":true},{"repeatCount":0,"timingControlPoint2y":0.99900001287460327,"removedOnCompletion":true,"from":{"scalar":-0.41887902047863906},"timingFunction":"custom","additive":false,"timeOffset":0,"autoreverses":false,"timingControlPoint1x":0.31000000238418579,"fillMode":"removed","property":"transform.rotation.y","duration":2.1750000000000003,"beginTime":5.0749999999999993,"timingControlPoint2x":0.37000000476837158,"timingControlPoint1y":0,"to":{"scalar":0}},{"repeatCount":0,"timingControlPoint2y":0.99900001287460327,"removedOnCompletion":true,"from":{"scalar":2.0943951023931953},"timingFunction":"custom","additive":false,"timeOffset":0,"autoreverses":false,"timingControlPoint1x":0.5,"fillMode":"backwards","property":"transform.rotation.y","duration":5.0749999999999993,"beginTime":0,"timingControlPoint2x":0.62000000476837158,"timingControlPoint1y":0,"to":{"scalar":-0.41887902047863906}},{"repeatCount":0,"timingControlPoint2y":0.99900001287460327,"removedOnCompletion":true,"from":{"scalar":0},"timingFunction":"custom","additive":false,"timeOffset":0,"autoreverses":false,"timingControlPoint1x":0.5,"fillMode":"both","property":"opacity","duration":5.0749999999999993,"beginTime":0,"timingControlPoint2x":0.62000000476837158,"timingControlPoint1y":0,"to":{"scalar":1}},{"additive":false,"timeOffset":0,"beginTime":0,"from":{"scalar":false},"repeatCount":0,"fillMode":"removed","duration":7.25,"autoreverses":false,"property":"doubleSided","to":{"scalar":false},"removedOnCompletion":true}],"removedOnCompletion":false}],"layers":[],"initialState":{"affineTransform":[1,0,0,1,0,0],"masksToBounds":false,"rotation":0,"scale":1,"position":{"pointX":1522.5,"pointY":421.5},"width":239,"sublayerTransform":[1,0,0,0,0,1,0,0,0,0,1,0,0,0,0,1],"contentsRect":{"y":0,"x":0.8545343883140597,"width":0.14546561168594035,"height":1},"opacity":1,"edgeAntialiasingMask":251658240,"height":845,"hidden":false,"anchorPoint":{"pointX":0.5,"pointY":0.5}},"texture":"C18E50F698DF35ECDFDE84D21DFC6211"},{"animations":[{"additive":false,"timeOffset":0,"beginTime":1e-100,"repeatCount":0,"fillMode":"both","duration":7.25,"autoreverses":false,"animations":[{"additive":false,"timeOffset":0,"beginTime":0,"from":{"scalar":-67.549981495191005},"repeatCount":0,"fillMode":"removed","duration":7.25,"autoreverses":false,"property":"anchorPointZ","to":{"scalar":-67.549981495191005},"removedOnCompletion":true},{"additive":false,"timeOffset":0,"beginTime":0,"from":{"scalar":-67.549981495191005},"repeatCount":0,"fillMode":"removed","duration":7.25,"autoreverses":false,"property":"zPosition","to":{"scalar":-67.549981495191005},"removedOnCompletion":true},{"repeatCount":0,"timingControlPoint2y":0.99900001287460327,"removedOnCompletion":true,"from":{"scalar":-0.41887902047863906},"timingFunction":"custom","additive":false,"timeOffset":0,"autoreverses":false,"timingControlPoint1x":0.31000000238418579,"fillMode":"removed","property":"transform.rotation.y","duration":2.1750000000000003,"beginTime":5.0749999999999993,"timingControlPoint2x":0.37000000476837158,"timingControlPoint1y":0,"to":{"scalar":0}},{"repeatCount":0,"timingControlPoint2y":0.99900001287460327,"removedOnCompletion":true,"from":{"scalar":2.0943951023931953},"timingFunction":"custom","additive":false,"timeOffset":0,"autoreverses":false,"timingControlPoint1x":0.5,"fillMode":"backwards","property":"transform.rotation.y","duration":5.0749999999999993,"beginTime":0,"timingControlPoint2x":0.62000000476837158,"timingControlPoint1y":0,"to":{"scalar":-0.41887902047863906}},{"repeatCount":0,"timingControlPoint2y":0.99900001287460327,"removedOnCompletion":true,"from":{"scalar":0},"timingFunction":"custom","additive":false,"timeOffset":0,"autoreverses":false,"timingControlPoint1x":0.5,"fillMode":"both","property":"opacity","duration":5.0749999999999993,"beginTime":0,"timingControlPoint2x":0.62000000476837158,"timingControlPoint1y":0,"to":{"scalar":1}},{"additive":false,"timeOffset":0,"beginTime":0,"from":{"scalar":false},"repeatCount":0,"fillMode":"removed","duration":7.25,"autoreverses":false,"property":"doubleSided","to":{"scalar":false},"removedOnCompletion":true}],"removedOnCompletion":false}],"layers":[],"initialState":{"affineTransform":[1,0,0,1,0,0],"masksToBounds":false,"rotation":0,"scale":1,"position":{"pointX":1286,"pointY":421.5},"width":234,"sublayerTransform":[1,0,0,0,0,1,0,0,0,0,1,0,0,0,0,1],"contentsRect":{"y":0,"x":0.71211199026171634,"width":0.14242239805234327,"height":1},"opacity":1,"edgeAntialiasingMask":251658240,"height":845,"hidden":false,"anchorPoint":{"pointX":0.5,"pointY":0.5}},"texture":"C18E50F698DF35ECDFDE84D21DFC6211"},{"animations":[{"additive":false,"timeOffset":0,"beginTime":1e-100,"repeatCount":0,"fillMode":"both","duration":7.25,"autoreverses":false,"animations":[{"additive":false,"timeOffset":0,"beginTime":0,"from":{"scalar":-67.549981495191005},"repeatCount":0,"fillMode":"removed","duration":7.25,"autoreverses":false,"property":"anchorPointZ","to":{"scalar":-67.549981495191005},"removedOnCompletion":true},{"additive":false,"timeOffset":0,"beginTime":0,"from":{"scalar":-67.549981495191005},"repeatCount":0,"fillMode":"removed","duration":7.25,"autoreverses":false,"property":"zPosition","to":{"scalar":-67.549981495191005},"removedOnCompletion":true},{"repeatCount":0,"timingControlPoint2y":0.99900001287460327,"removedOnCompletion":true,"from":{"scalar":-0.41887902047863906},"timingFunction":"custom","additive":false,"timeOffset":0,"autoreverses":false,"timingControlPoint1x":0.31000000238418579,"fillMode":"removed","property":"transform.rotation.y","duration":2.1750000000000003,"beginTime":5.0749999999999993,"timingControlPoint2x":0.37000000476837158,"timingControlPoint1y":0,"to":{"scalar":0}},{"repeatCount":0,"timingControlPoint2y":0.99900001287460327,"removedOnCompletion":true,"from":{"scalar":2.0943951023931953},"timingFunction":"custom","additive":false,"timeOffset":0,"autoreverses":false,"timingControlPoint1x":0.5,"fillMode":"backwards","property":"transform.rotation.y","duration":5.0749999999999993,"beginTime":0,"timingControlPoint2x":0.62000000476837158,"timingControlPoint1y":0,"to":{"scalar":-0.41887902047863906}},{"repeatCount":0,"timingControlPoint2y":0.99900001287460327,"removedOnCompletion":true,"from":{"scalar":0},"timingFunction":"custom","additive":false,"timeOffset":0,"autoreverses":false,"timingControlPoint1x":0.5,"fillMode":"both","property":"opacity","duration":5.0749999999999993,"beginTime":0,"timingControlPoint2x":0.62000000476837158,"timingControlPoint1y":0,"to":{"scalar":1}},{"additive":false,"timeOffset":0,"beginTime":0,"from":{"scalar":false},"repeatCount":0,"fillMode":"removed","duration":7.25,"autoreverses":false,"property":"doubleSided","to":{"scalar":false},"removedOnCompletion":true}],"removedOnCompletion":false}],"layers":[],"initialState":{"affineTransform":[1,0,0,1,0,0],"masksToBounds":false,"rotation":0,"scale":1,"position":{"pointX":1052,"pointY":421.5},"width":234,"sublayerTransform":[1,0,0,0,0,1,0,0,0,0,1,0,0,0,0,1],"contentsRect":{"y":0,"x":0.5696895922093731,"width":0.14242239805234327,"height":1},"opacity":1,"edgeAntialiasingMask":251658240,"height":845,"hidden":false,"anchorPoint":{"pointX":0.5,"pointY":0.5}},"texture":"C18E50F698DF35ECDFDE84D21DFC6211"},{"animations":[{"additive":false,"timeOffset":0,"beginTime":1e-100,"repeatCount":0,"fillMode":"both","duration":7.25,"autoreverses":false,"animations":[{"additive":false,"timeOffset":0,"beginTime":0,"from":{"scalar":-67.549981495191005},"repeatCount":0,"fillMode":"removed","duration":7.25,"autoreverses":false,"property":"anchorPointZ","to":{"scalar":-67.549981495191005},"removedOnCompletion":true},{"additive":false,"timeOffset":0,"beginTime":0,"from":{"scalar":-67.549981495191005},"repeatCount":0,"fillMode":"removed","duration":7.25,"autoreverses":false,"property":"zPosition","to":{"scalar":-67.549981495191005},"removedOnCompletion":true},{"repeatCount":0,"timingControlPoint2y":0.99900001287460327,"removedOnCompletion":true,"from":{"scalar":-0.41887902047863906},"timingFunction":"custom","additive":false,"timeOffset":0,"autoreverses":false,"timingControlPoint1x":0.31000000238418579,"fillMode":"removed","property":"transform.rotation.y","duration":2.1750000000000003,"beginTime":5.0749999999999993,"timingControlPoint2x":0.37000000476837158,"timingControlPoint1y":0,"to":{"scalar":0}},{"repeatCount":0,"timingControlPoint2y":0.99900001287460327,"removedOnCompletion":true,"from":{"scalar":2.0943951023931953},"timingFunction":"custom","additive":false,"timeOffset":0,"autoreverses":false,"timingControlPoint1x":0.5,"fillMode":"backwards","property":"transform.rotation.y","duration":5.0749999999999993,"beginTime":0,"timingControlPoint2x":0.62000000476837158,"timingControlPoint1y":0,"to":{"scalar":-0.41887902047863906}},{"repeatCount":0,"timingControlPoint2y":0.99900001287460327,"removedOnCompletion":true,"from":{"scalar":0},"timingFunction":"custom","additive":false,"timeOffset":0,"autoreverses":false,"timingControlPoint1x":0.5,"fillMode":"both","property":"opacity","duration":5.0749999999999993,"beginTime":0,"timingControlPoint2x":0.62000000476837158,"timingControlPoint1y":0,"to":{"scalar":1}},{"additive":false,"timeOffset":0,"beginTime":0,"from":{"scalar":false},"repeatCount":0,"fillMode":"removed","duration":7.25,"autoreverses":false,"property":"doubleSided","to":{"scalar":false},"removedOnCompletion":true}],"removedOnCompletion":false}],"layers":[],"initialState":{"affineTransform":[1,0,0,1,0,0],"masksToBounds":false,"rotation":0,"scale":1,"position":{"pointX":818,"pointY":421.5},"width":234,"sublayerTransform":[1,0,0,0,0,1,0,0,0,0,1,0,0,0,0,1],"contentsRect":{"y":0,"x":0.42726719415702985,"width":0.14242239805234327,"height":1},"opacity":1,"edgeAntialiasingMask":251658240,"height":845,"hidden":false,"anchorPoint":{"pointX":0.5,"pointY":0.5}},"texture":"C18E50F698DF35ECDFDE84D21DFC6211"},{"animations":[{"additive":false,"timeOffset":0,"beginTime":1e-100,"repeatCount":0,"fillMode":"both","duration":7.25,"autoreverses":false,"animations":[{"additive":false,"timeOffset":0,"beginTime":0,"from":{"scalar":-67.549981495191005},"repeatCount":0,"fillMode":"removed","duration":7.25,"autoreverses":false,"property":"anchorPointZ","to":{"scalar":-67.549981495191005},"removedOnCompletion":true},{"additive":false,"timeOffset":0,"beginTime":0,"from":{"scalar":-67.549981495191005},"repeatCount":0,"fillMode":"removed","duration":7.25,"autoreverses":false,"property":"zPosition","to":{"scalar":-67.549981495191005},"removedOnCompletion":true},{"repeatCount":0,"timingControlPoint2y":0.99900001287460327,"removedOnCompletion":true,"from":{"scalar":-0.41887902047863906},"timingFunction":"custom","additive":false,"timeOffset":0,"autoreverses":false,"timingControlPoint1x":0.31000000238418579,"fillMode":"removed","property":"transform.rotation.y","duration":2.1750000000000003,"beginTime":5.0749999999999993,"timingControlPoint2x":0.37000000476837158,"timingControlPoint1y":0,"to":{"scalar":0}},{"repeatCount":0,"timingControlPoint2y":0.99900001287460327,"removedOnCompletion":true,"from":{"scalar":2.0943951023931953},"timingFunction":"custom","additive":false,"timeOffset":0,"autoreverses":false,"timingControlPoint1x":0.5,"fillMode":"backwards","property":"transform.rotation.y","duration":5.0749999999999993,"beginTime":0,"timingControlPoint2x":0.62000000476837158,"timingControlPoint1y":0,"to":{"scalar":-0.41887902047863906}},{"repeatCount":0,"timingControlPoint2y":0.99900001287460327,"removedOnCompletion":true,"from":{"scalar":0},"timingFunction":"custom","additive":false,"timeOffset":0,"autoreverses":false,"timingControlPoint1x":0.5,"fillMode":"both","property":"opacity","duration":5.0749999999999993,"beginTime":0,"timingControlPoint2x":0.62000000476837158,"timingControlPoint1y":0,"to":{"scalar":1}},{"additive":false,"timeOffset":0,"beginTime":0,"from":{"scalar":false},"repeatCount":0,"fillMode":"removed","duration":7.25,"autoreverses":false,"property":"doubleSided","to":{"scalar":false},"removedOnCompletion":true}],"removedOnCompletion":false}],"layers":[],"initialState":{"affineTransform":[1,0,0,1,0,0],"masksToBounds":false,"rotation":0,"scale":1,"position":{"pointX":584,"pointY":421.5},"width":234,"sublayerTransform":[1,0,0,0,0,1,0,0,0,0,1,0,0,0,0,1],"contentsRect":{"y":0,"x":0.28484479610468655,"width":0.14242239805234327,"height":1},"opacity":1,"edgeAntialiasingMask":251658240,"height":845,"hidden":false,"anchorPoint":{"pointX":0.5,"pointY":0.5}},"texture":"C18E50F698DF35ECDFDE84D21DFC6211"},{"animations":[{"additive":false,"timeOffset":0,"beginTime":1e-100,"repeatCount":0,"fillMode":"both","duration":7.25,"autoreverses":false,"animations":[{"additive":false,"timeOffset":0,"beginTime":0,"from":{"scalar":-67.549981495191005},"repeatCount":0,"fillMode":"removed","duration":7.25,"autoreverses":false,"property":"anchorPointZ","to":{"scalar":-67.549981495191005},"removedOnCompletion":true},{"additive":false,"timeOffset":0,"beginTime":0,"from":{"scalar":-67.549981495191005},"repeatCount":0,"fillMode":"removed","duration":7.25,"autoreverses":false,"property":"zPosition","to":{"scalar":-67.549981495191005},"removedOnCompletion":true},{"repeatCount":0,"timingControlPoint2y":0.99900001287460327,"removedOnCompletion":true,"from":{"scalar":-0.41887902047863906},"timingFunction":"custom","additive":false,"timeOffset":0,"autoreverses":false,"timingControlPoint1x":0.31000000238418579,"fillMode":"removed","property":"transform.rotation.y","duration":2.1750000000000003,"beginTime":5.0749999999999993,"timingControlPoint2x":0.37000000476837158,"timingControlPoint1y":0,"to":{"scalar":0}},{"repeatCount":0,"timingControlPoint2y":0.99900001287460327,"removedOnCompletion":true,"from":{"scalar":2.0943951023931953},"timingFunction":"custom","additive":false,"timeOffset":0,"autoreverses":false,"timingControlPoint1x":0.5,"fillMode":"backwards","property":"transform.rotation.y","duration":5.0749999999999993,"beginTime":0,"timingControlPoint2x":0.62000000476837158,"timingControlPoint1y":0,"to":{"scalar":-0.41887902047863906}},{"repeatCount":0,"timingControlPoint2y":0.99900001287460327,"removedOnCompletion":true,"from":{"scalar":0},"timingFunction":"custom","additive":false,"timeOffset":0,"autoreverses":false,"timingControlPoint1x":0.5,"fillMode":"both","property":"opacity","duration":5.0749999999999993,"beginTime":0,"timingControlPoint2x":0.62000000476837158,"timingControlPoint1y":0,"to":{"scalar":1}},{"additive":false,"timeOffset":0,"beginTime":0,"from":{"scalar":false},"repeatCount":0,"fillMode":"removed","duration":7.25,"autoreverses":false,"property":"doubleSided","to":{"scalar":false},"removedOnCompletion":true}],"removedOnCompletion":false}],"layers":[],"initialState":{"affineTransform":[1,0,0,1,0,0],"masksToBounds":false,"rotation":0,"scale":1,"position":{"pointX":350,"pointY":421.5},"width":234,"sublayerTransform":[1,0,0,0,0,1,0,0,0,0,1,0,0,0,0,1],"contentsRect":{"y":0,"x":0.14242239805234327,"width":0.14242239805234327,"height":1},"opacity":1,"edgeAntialiasingMask":251658240,"height":845,"hidden":false,"anchorPoint":{"pointX":0.5,"pointY":0.5}},"texture":"C18E50F698DF35ECDFDE84D21DFC6211"},{"animations":[{"additive":false,"timeOffset":0,"beginTime":1e-100,"repeatCount":0,"fillMode":"both","duration":7.25,"autoreverses":false,"animations":[{"additive":false,"timeOffset":0,"beginTime":0,"from":{"scalar":-67.549981495191005},"repeatCount":0,"fillMode":"removed","duration":7.25,"autoreverses":false,"property":"anchorPointZ","to":{"scalar":-67.549981495191005},"removedOnCompletion":true},{"additive":false,"timeOffset":0,"beginTime":0,"from":{"scalar":-67.549981495191005},"repeatCount":0,"fillMode":"removed","duration":7.25,"autoreverses":false,"property":"zPosition","to":{"scalar":-67.549981495191005},"removedOnCompletion":true},{"repeatCount":0,"timingControlPoint2y":0.99900001287460327,"removedOnCompletion":true,"from":{"scalar":-0.41887902047863906},"timingFunction":"custom","additive":false,"timeOffset":0,"autoreverses":false,"timingControlPoint1x":0.31000000238418579,"fillMode":"removed","property":"transform.rotation.y","duration":2.1750000000000003,"beginTime":5.0749999999999993,"timingControlPoint2x":0.37000000476837158,"timingControlPoint1y":0,"to":{"scalar":0}},{"repeatCount":0,"timingControlPoint2y":0.99900001287460327,"removedOnCompletion":true,"from":{"scalar":2.0943951023931953},"timingFunction":"custom","additive":false,"timeOffset":0,"autoreverses":false,"timingControlPoint1x":0.5,"fillMode":"backwards","property":"transform.rotation.y","duration":5.0749999999999993,"beginTime":0,"timingControlPoint2x":0.62000000476837158,"timingControlPoint1y":0,"to":{"scalar":-0.41887902047863906}},{"repeatCount":0,"timingControlPoint2y":0.99900001287460327,"removedOnCompletion":true,"from":{"scalar":0},"timingFunction":"custom","additive":false,"timeOffset":0,"autoreverses":false,"timingControlPoint1x":0.5,"fillMode":"both","property":"opacity","duration":5.0749999999999993,"beginTime":0,"timingControlPoint2x":0.62000000476837158,"timingControlPoint1y":0,"to":{"scalar":1}},{"additive":false,"timeOffset":0,"beginTime":0,"from":{"scalar":false},"repeatCount":0,"fillMode":"removed","duration":7.25,"autoreverses":false,"property":"doubleSided","to":{"scalar":false},"removedOnCompletion":true}],"removedOnCompletion":false}],"layers":[],"initialState":{"affineTransform":[1,0,0,1,0,0],"masksToBounds":false,"rotation":0,"scale":1,"position":{"pointX":116,"pointY":421.5},"width":234,"sublayerTransform":[1,0,0,0,0,1,0,0,0,0,1,0,0,0,0,1],"contentsRect":{"y":0,"x":0,"width":0.14242239805234327,"height":1},"opacity":1,"edgeAntialiasingMask":251658240,"height":845,"hidden":false,"anchorPoint":{"pointX":0.5,"pointY":0.5}},"texture":"C18E50F698DF35ECDFDE84D21DFC6211"}]}]},"effects":[],"duration":7.25,"type":"buildIn","attributes":{"direction":12},"name":"com.apple.iWork.Keynote.BLTBlinds","objectID":"E805639A-6F1B-4D1C-ADDB-7043CAA50AFF"}],"automaticPlay":false,"hyperlinks":[{"url":"?slide=previous","events":{"DD04C90A-BB32-4BC2-A4E3-DB1E2F6B0908":{"effects":[{"beginTime":0,"baseLayer":{"animations":[],"initialState":{"affineTransform":[1,0,0,1,0,0],"masksToBounds":false,"rotation":0,"scale":1,"position":{"pointX":960,"pointY":540},"width":1920,"sublayerTransform":[1,0,0,0,0,1,0,0,0,0,1,0,0,0,0,1],"contentsRect":{"y":0,"x":0,"width":1,"height":1},"opacity":1,"edgeAntialiasingMask":251658240,"height":1080,"hidden":false,"anchorPoint":{"pointX":0.5,"pointY":0.5}},"objectID":"0","layers":[{"animations":[],"initialState":{"affineTransform":[1,0,0,1,0,0],"masksToBounds":false,"rotation":0,"scale":1,"position":{"pointX":960,"pointY":540},"width":1920,"sublayerTransform":[1,0,0,0,0,1,0,0,0,0,1,-0.00035007912466775983,0,0,0,1],"contentsRect":{"y":0,"x":0,"width":1,"height":1},"opacity":1,"edgeAntialiasingMask":251658240,"height":1080,"hidden":false,"anchorPoint":{"pointX":0.5,"pointY":0.5}},"layers":[{"animations":[],"layers":[],"texturedRectangle":{"isBackgroundTexture":false,"singleTextureOpacity":1,"textureType":0,"textBaseline":0,"textXHeight":0,"isVerticalText":false},"initialState":{"affineTransform":[1,0,0,1,0,0],"masksToBounds":false,"rotation":0,"scale":1,"position":{"pointX":960,"pointY":540},"width":1920,"sublayerTransform":[1,0,0,0,0,1,0,0,0,0,1,0,0,0,0,1],"contentsRect":{"y":0,"x":0,"width":1,"height":1},"opacity":1,"edgeAntialiasingMask":0,"height":1080,"hidden":false,"anchorPoint":{"pointX":0.5,"pointY":0.5}},"texture":"86778F66D4C51E7F1BBE10B2FA339F89"},{"animations":[{"additive":false,"timeOffset":0,"beginTime":0,"repeatCount":0,"fillMode":"both","duration":0.75,"autoreverses":false,"animations":[{"additive":false,"timeOffset":0,"beginTime":0,"from":{"scalar":1},"repeatCount":0,"fillMode":"removed","duration":0.75,"autoreverses":false,"property":"transform.translation.z","to":{"scalar":1},"removedOnCompletion":true},{"repeatCount":0,"timingControlPoint2y":0.087685436010360718,"removedOnCompletion":true,"from":{"scalar":0},"timingFunction":"custom","additive":false,"timeOffset":0,"autoreverses":false,"timingControlPoint1x":0.3746802806854248,"fillMode":"removed","property":"transform.translation.x","duration":0.75,"beginTime":0,"timingControlPoint2x":0.4752049446105957,"timingControlPoint1y":0,"to":{"scalar":-1920}},{"repeatCount":0,"timingControlPoint2y":0.087685436010360718,"removedOnCompletion":true,"from":{"scalar":0},"timingFunction":"custom","additive":false,"timeOffset":0,"autoreverses":false,"timingControlPoint1x":0.3746802806854248,"fillMode":"removed","property":"transform.translation.y","duration":0.75,"beginTime":0,"timingControlPoint2x":0.4752049446105957,"timingControlPoint1y":0,"to":{"scalar":0}}],"removedOnCompletion":false}],"layers":[],"texturedRectangle":{"isBackgroundTexture":false,"singleTextureOpacity":1,"textureType":0,"textBaseline":0,"textXHeight":0,"isVerticalText":false},"initialState":{"affineTransform":[1,0,0,1,0,0],"masksToBounds":false,"rotation":0,"scale":1,"position":{"pointX":960,"pointY":540},"width":1920,"sublayerTransform":[1,0,0,0,0,1,0,0,0,0,1,0,0,0,0,1],"contentsRect":{"y":0,"x":0,"width":1,"height":1},"opacity":1,"edgeAntialiasingMask":0,"height":1080,"hidden":false,"anchorPoint":{"pointX":0.5,"pointY":0.5}},"texture":"1FEF1393D9079A555CC7CB8524538F62"}]}]},"effects":[],"duration":0.75,"type":"transition","attributes":{"direction":12},"name":"apple:reveal","objectID":"0"}],"automaticPlay":false,"hyperlinks":[],"accessibility":[],"baseLayer":{"animations":[],"initialState":{"affineTransform":[1,0,0,1,0,0],"masksToBounds":false,"rotation":0,"scale":1,"position":{"pointX":960,"pointY":540},"width":1920,"sublayerTransform":[1,0,0,0,0,1,0,0,0,0,1,0,0,0,0,1],"contentsRect":{"y":0,"x":0,"width":1,"height":1},"opacity":1,"edgeAntialiasingMask":251658240,"height":1080,"hidden":false,"anchorPoint":{"pointX":0.5,"pointY":0.5}},"objectID":"0","layers":[{"animations":[],"initialState":{"affineTransform":[1,0,0,1,0,0],"masksToBounds":false,"rotation":0,"scale":1,"position":{"pointX":960,"pointY":540},"width":1920,"sublayerTransform":[1,0,0,0,0,1,0,0,0,0,1,-0.00035007912466775983,0,0,0,1],"contentsRect":{"y":0,"x":0,"width":1,"height":1},"opacity":1,"edgeAntialiasingMask":251658240,"height":1080,"hidden":false,"anchorPoint":{"pointX":0.5,"pointY":0.5}},"layers":[{"animations":[],"layers":[],"texturedRectangle":{"isBackgroundTexture":false,"singleTextureOpacity":1,"textureType":0,"textBaseline":0,"textXHeight":0,"isVerticalText":false},"initialState":{"affineTransform":[1,0,0,1,0,0],"masksToBounds":false,"rotation":0,"scale":1,"position":{"pointX":960,"pointY":540},"width":1920,"sublayerTransform":[1,0,0,0,0,1,0,0,0,0,1,0,0,0,0,1],"contentsRect":{"y":0,"x":0,"width":1,"height":1},"opacity":1,"edgeAntialiasingMask":0,"height":1080,"hidden":false,"anchorPoint":{"pointX":0.5,"pointY":0.5}},"texture":"1FEF1393D9079A555CC7CB8524538F62"}]}]}}},"targetRectangle":{"y":978.04220036307174,"x":30.439060906759551,"width":110.13675689697266,"height":100}}],"accessibility":[],"baseLayer":{"animations":[],"initialState":{"affineTransform":[1,0,0,1,0,0],"masksToBounds":false,"rotation":0,"scale":1,"position":{"pointX":960,"pointY":540},"width":1920,"sublayerTransform":[1,0,0,0,0,1,0,0,0,0,1,0,0,0,0,1],"contentsRect":{"y":0,"x":0,"width":1,"height":1},"opacity":1,"edgeAntialiasingMask":251658240,"height":1080,"hidden":false,"anchorPoint":{"pointX":0.5,"pointY":0.5}},"layers":[{"animations":[],"initialState":{"affineTransform":[1,0,0,1,0,0],"masksToBounds":false,"rotation":0,"scale":1,"position":{"pointX":960,"pointY":540},"width":1920,"sublayerTransform":[1,0,0,0,0,1,0,0,0,0,1,0,0,0,0,1],"contentsRect":{"y":0,"x":0,"width":1,"height":1},"opacity":1,"edgeAntialiasingMask":251658240,"height":1080,"hidden":false,"anchorPoint":{"pointX":0.5,"pointY":0.5}},"layers":[{"animations":[],"initialState":{"affineTransform":[1,0,0,1,0,0],"masksToBounds":false,"rotation":0,"scale":1,"position":{"pointX":960,"pointY":540},"width":1920,"sublayerTransform":[1,0,0,0,0,1,0,0,0,0,1,0,0,0,0,1],"contentsRect":{"y":0,"x":0,"width":1,"height":1},"opacity":1,"edgeAntialiasingMask":251658240,"height":1080,"hidden":false,"anchorPoint":{"pointX":0.5,"pointY":0.5}},"layers":[{"animations":[],"layers":[],"texturedRectangle":{"isBackgroundTexture":true,"singleTextureOpacity":1,"textureType":1,"textBaseline":0,"textXHeight":0,"isVerticalText":false},"initialState":{"affineTransform":[1,0,0,1,0,0],"masksToBounds":false,"rotation":0,"scale":1,"position":{"pointX":960,"pointY":540},"width":1920,"sublayerTransform":[1,0,0,0,0,1,0,0,0,0,1,0,0,0,0,1],"contentsRect":{"y":0,"x":0,"width":1,"height":1},"opacity":1,"edgeAntialiasingMask":0,"height":1080,"hidden":false,"anchorPoint":{"pointX":0.5,"pointY":0.5}},"texture":"B52E9413A4CEDEAD61D80E325F927636"}]}]},{"animations":[],"initialState":{"affineTransform":[1,0,0,1,0,0],"masksToBounds":false,"rotation":0,"scale":1,"position":{"pointX":960,"pointY":540},"width":1920,"sublayerTransform":[1,0,0,0,0,1,0,0,0,0,1,0,0,0,0,1],"contentsRect":{"y":0,"x":0,"width":1,"height":1},"opacity":1,"edgeAntialiasingMask":251658240,"height":1080,"hidden":false,"anchorPoint":{"pointX":0.5,"pointY":0.5}},"layers":[{"animations":[],"initialState":{"affineTransform":[1,0,0,1,0,0],"masksToBounds":false,"rotation":0,"scale":1,"position":{"pointX":961.5,"pointY":541.5},"width":1643,"sublayerTransform":[1,0,0,0,0,1,0,0,0,0,1,0,0,0,0,1],"contentsRect":{"y":0,"x":0,"width":1,"height":1},"opacity":1,"edgeAntialiasingMask":251658240,"height":845,"hidden":false,"anchorPoint":{"pointX":0.5,"pointY":0.5}},"objectID":"E805639A-6F1B-4D1C-ADDB-7043CAA50AFF","layers":[{"animations":[],"layers":[],"texturedRectangle":{"isBackgroundTexture":true,"singleTextureOpacity":1,"textureType":5,"textBaseline":0,"textXHeight":0,"isVerticalText":false},"initialState":{"affineTransform":[1,0,0,1,0,0],"masksToBounds":false,"rotation":0,"scale":1,"position":{"pointX":820.5,"pointY":421.5},"width":1643,"sublayerTransform":[1,0,0,0,0,1,0,0,0,0,1,0,0,0,0,1],"contentsRect":{"y":0,"x":0,"width":1,"height":1},"opacity":1,"edgeAntialiasingMask":0,"height":845,"hidden":true,"anchorPoint":{"pointX":0.5,"pointY":0.5}},"texture":"C18E50F698DF35ECDFDE84D21DFC6211"}]}]},{"animations":[],"initialState":{"affineTransform":[1,0,0,1,0,0],"masksToBounds":false,"rotation":0,"scale":1,"position":{"pointX":960,"pointY":540},"width":1920,"sublayerTransform":[1,0,0,0,0,1,0,0,0,0,1,0,0,0,0,1],"contentsRect":{"y":0,"x":0,"width":1,"height":1},"opacity":1,"edgeAntialiasingMask":251658240,"height":1080,"hidden":false,"anchorPoint":{"pointX":0.5,"pointY":0.5}},"layers":[{"animations":[],"initialState":{"affineTransform":[1,0,0,1,0,0],"masksToBounds":false,"rotation":0,"scale":1,"position":{"pointX":86.939060906759551,"pointY":1029.5422003630717},"width":113,"sublayerTransform":[1,0,0,0,0,1,0,0,0,0,1,0,0,0,0,1],"contentsRect":{"y":0,"x":0,"width":1,"height":1},"opacity":1,"edgeAntialiasingMask":251658240,"height":103,"hidden":false,"anchorPoint":{"pointX":0.5,"pointY":0.5}},"layers":[{"animations":[],"layers":[],"texturedRectangle":{"singleTextureOpacity":1,"textXHeight":0,"shapePath":{"lineWidth":1,"flatness":0.59999999999999998,"lineCapStyle":0,"elements":[{"type":"MoveToPoint","points":[[65.439060906759551,67.042200005443874]]},{"type":"AddLine","points":[[65.439060906759551,101.04220036307174]]},{"type":"AddLine","points":[[1.4390609067595506,51.042200363071743]]},{"type":"AddLine","points":[[65.439060906759551,1.0422003630717427]]},{"type":"AddLine","points":[[65.439060906759551,35.042200720699611]]},{"type":"AddLine","points":[[111.57581780373221,35.042200720699611]]},{"type":"AddLine","points":[[111.57581780373221,67.042200005443874]]},{"type":"CloseSubpath"}],"windingRule":0,"lineJoinStyle":0,"miterLimit":10},"isBackgroundTexture":true,"textBaseline":0,"isVerticalText":false,"textureType":5},"initialState":{"affineTransform":[1,0,0,1,0,0],"masksToBounds":false,"rotation":0,"scale":1,"position":{"pointX":55.060939093240449,"pointY":50.457799636928257},"width":113,"sublayerTransform":[1,0,0,0,0,1,0,0,0,0,1,0,0,0,0,1],"contentsRect":{"y":0,"x":0,"width":1,"height":1},"opacity":1,"edgeAntialiasingMask":0,"height":103,"hidden":false,"anchorPoint":{"pointX":0.5,"pointY":0.5}},"texture":"125E3294F242B25E1B925DBDC9A93E7B"}]}]}]}},{"effects":[{"beginTime":0,"baseLayer":{"animations":[],"initialState":{"affineTransform":[1,0,0,1,0,0],"masksToBounds":false,"rotation":0,"scale":1,"position":{"pointX":960,"pointY":540},"width":1920,"sublayerTransform":[1,0,0,0,0,1,0,0,0,0,1,0,0,0,0,1],"contentsRect":{"y":0,"x":0,"width":1,"height":1},"opacity":1,"edgeAntialiasingMask":251658240,"height":1080,"hidden":false,"anchorPoint":{"pointX":0.5,"pointY":0.5}},"objectID":"0","layers":[{"animations":[],"initialState":{"affineTransform":[1,0,0,1,0,0],"masksToBounds":false,"rotation":0,"scale":1,"position":{"pointX":960,"pointY":540},"width":1920,"sublayerTransform":[1,0,0,0,0,1,0,0,0,0,1,-0.00035007912466775983,0,0,0,1],"contentsRect":{"y":0,"x":0,"width":1,"height":1},"opacity":1,"edgeAntialiasingMask":251658240,"height":1080,"hidden":false,"anchorPoint":{"pointX":0.5,"pointY":0.5}},"layers":[{"animations":[],"layers":[],"texturedRectangle":{"isBackgroundTexture":false,"singleTextureOpacity":1,"textureType":0,"textBaseline":0,"textXHeight":0,"isVerticalText":false},"initialState":{"affineTransform":[1,0,0,1,0,0],"masksToBounds":false,"rotation":0,"scale":1,"position":{"pointX":960,"pointY":540},"width":1920,"sublayerTransform":[1,0,0,0,0,1,0,0,0,0,1,0,0,0,0,1],"contentsRect":{"y":0,"x":0,"width":1,"height":1},"opacity":1,"edgeAntialiasingMask":0,"height":1080,"hidden":false,"anchorPoint":{"pointX":0.5,"pointY":0.5}},"texture":"5BA6DF7ACEF516F7DAB78587CF30CE20"},{"animations":[{"additive":false,"timeOffset":0,"beginTime":0,"repeatCount":0,"fillMode":"both","duration":0.75,"autoreverses":false,"animations":[{"additive":false,"timeOffset":0,"beginTime":0,"from":{"scalar":1},"repeatCount":0,"fillMode":"removed","duration":0.75,"autoreverses":false,"property":"transform.translation.z","to":{"scalar":1},"removedOnCompletion":true},{"repeatCount":0,"timingControlPoint2y":0.087685436010360718,"removedOnCompletion":true,"from":{"scalar":0},"timingFunction":"custom","additive":false,"timeOffset":0,"autoreverses":false,"timingControlPoint1x":0.3746802806854248,"fillMode":"removed","property":"transform.translation.x","duration":0.75,"beginTime":0,"timingControlPoint2x":0.4752049446105957,"timingControlPoint1y":0,"to":{"scalar":-1920}},{"repeatCount":0,"timingControlPoint2y":0.087685436010360718,"removedOnCompletion":true,"from":{"scalar":0},"timingFunction":"custom","additive":false,"timeOffset":0,"autoreverses":false,"timingControlPoint1x":0.3746802806854248,"fillMode":"removed","property":"transform.translation.y","duration":0.75,"beginTime":0,"timingControlPoint2x":0.4752049446105957,"timingControlPoint1y":0,"to":{"scalar":0}}],"removedOnCompletion":false}],"layers":[],"texturedRectangle":{"isBackgroundTexture":false,"singleTextureOpacity":1,"textureType":0,"textBaseline":0,"textXHeight":0,"isVerticalText":false},"initialState":{"affineTransform":[1,0,0,1,0,0],"masksToBounds":false,"rotation":0,"scale":1,"position":{"pointX":960,"pointY":540},"width":1920,"sublayerTransform":[1,0,0,0,0,1,0,0,0,0,1,0,0,0,0,1],"contentsRect":{"y":0,"x":0,"width":1,"height":1},"opacity":1,"edgeAntialiasingMask":0,"height":1080,"hidden":false,"anchorPoint":{"pointX":0.5,"pointY":0.5}},"texture":"1FEF1393D9079A555CC7CB8524538F62"}]}]},"effects":[],"duration":0.75,"type":"transition","attributes":{"direction":12},"name":"apple:reveal","objectID":"0"}],"automaticPlay":false,"hyperlinks":[{"url":"?slide=previous","events":{"DD04C90A-BB32-4BC2-A4E3-DB1E2F6B0908":{"effects":[{"beginTime":0,"baseLayer":{"animations":[],"initialState":{"affineTransform":[1,0,0,1,0,0],"masksToBounds":false,"rotation":0,"scale":1,"position":{"pointX":960,"pointY":540},"width":1920,"sublayerTransform":[1,0,0,0,0,1,0,0,0,0,1,0,0,0,0,1],"contentsRect":{"y":0,"x":0,"width":1,"height":1},"opacity":1,"edgeAntialiasingMask":251658240,"height":1080,"hidden":false,"anchorPoint":{"pointX":0.5,"pointY":0.5}},"objectID":"0","layers":[{"animations":[],"initialState":{"affineTransform":[1,0,0,1,0,0],"masksToBounds":false,"rotation":0,"scale":1,"position":{"pointX":960,"pointY":540},"width":1920,"sublayerTransform":[1,0,0,0,0,1,0,0,0,0,1,-0.00035007912466775983,0,0,0,1],"contentsRect":{"y":0,"x":0,"width":1,"height":1},"opacity":1,"edgeAntialiasingMask":251658240,"height":1080,"hidden":false,"anchorPoint":{"pointX":0.5,"pointY":0.5}},"layers":[{"animations":[],"layers":[],"texturedRectangle":{"isBackgroundTexture":false,"singleTextureOpacity":1,"textureType":0,"textBaseline":0,"textXHeight":0,"isVerticalText":false},"initialState":{"affineTransform":[1,0,0,1,0,0],"masksToBounds":false,"rotation":0,"scale":1,"position":{"pointX":960,"pointY":540},"width":1920,"sublayerTransform":[1,0,0,0,0,1,0,0,0,0,1,0,0,0,0,1],"contentsRect":{"y":0,"x":0,"width":1,"height":1},"opacity":1,"edgeAntialiasingMask":0,"height":1080,"hidden":false,"anchorPoint":{"pointX":0.5,"pointY":0.5}},"texture":"86778F66D4C51E7F1BBE10B2FA339F89"},{"animations":[{"additive":false,"timeOffset":0,"beginTime":0,"repeatCount":0,"fillMode":"both","duration":0.75,"autoreverses":false,"animations":[{"additive":false,"timeOffset":0,"beginTime":0,"from":{"scalar":1},"repeatCount":0,"fillMode":"removed","duration":0.75,"autoreverses":false,"property":"transform.translation.z","to":{"scalar":1},"removedOnCompletion":true},{"repeatCount":0,"timingControlPoint2y":0.087685436010360718,"removedOnCompletion":true,"from":{"scalar":0},"timingFunction":"custom","additive":false,"timeOffset":0,"autoreverses":false,"timingControlPoint1x":0.3746802806854248,"fillMode":"removed","property":"transform.translation.x","duration":0.75,"beginTime":0,"timingControlPoint2x":0.4752049446105957,"timingControlPoint1y":0,"to":{"scalar":-1920}},{"repeatCount":0,"timingControlPoint2y":0.087685436010360718,"removedOnCompletion":true,"from":{"scalar":0},"timingFunction":"custom","additive":false,"timeOffset":0,"autoreverses":false,"timingControlPoint1x":0.3746802806854248,"fillMode":"removed","property":"transform.translation.y","duration":0.75,"beginTime":0,"timingControlPoint2x":0.4752049446105957,"timingControlPoint1y":0,"to":{"scalar":0}}],"removedOnCompletion":false}],"layers":[],"texturedRectangle":{"isBackgroundTexture":false,"singleTextureOpacity":1,"textureType":0,"textBaseline":0,"textXHeight":0,"isVerticalText":false},"initialState":{"affineTransform":[1,0,0,1,0,0],"masksToBounds":false,"rotation":0,"scale":1,"position":{"pointX":960,"pointY":540},"width":1920,"sublayerTransform":[1,0,0,0,0,1,0,0,0,0,1,0,0,0,0,1],"contentsRect":{"y":0,"x":0,"width":1,"height":1},"opacity":1,"edgeAntialiasingMask":0,"height":1080,"hidden":false,"anchorPoint":{"pointX":0.5,"pointY":0.5}},"texture":"1FEF1393D9079A555CC7CB8524538F62"}]}]},"effects":[],"duration":0.75,"type":"transition","attributes":{"direction":12},"name":"apple:reveal","objectID":"0"}],"automaticPlay":false,"hyperlinks":[],"accessibility":[],"baseLayer":{"animations":[],"initialState":{"affineTransform":[1,0,0,1,0,0],"masksToBounds":false,"rotation":0,"scale":1,"position":{"pointX":960,"pointY":540},"width":1920,"sublayerTransform":[1,0,0,0,0,1,0,0,0,0,1,0,0,0,0,1],"contentsRect":{"y":0,"x":0,"width":1,"height":1},"opacity":1,"edgeAntialiasingMask":251658240,"height":1080,"hidden":false,"anchorPoint":{"pointX":0.5,"pointY":0.5}},"objectID":"0","layers":[{"animations":[],"initialState":{"affineTransform":[1,0,0,1,0,0],"masksToBounds":false,"rotation":0,"scale":1,"position":{"pointX":960,"pointY":540},"width":1920,"sublayerTransform":[1,0,0,0,0,1,0,0,0,0,1,-0.00035007912466775983,0,0,0,1],"contentsRect":{"y":0,"x":0,"width":1,"height":1},"opacity":1,"edgeAntialiasingMask":251658240,"height":1080,"hidden":false,"anchorPoint":{"pointX":0.5,"pointY":0.5}},"layers":[{"animations":[],"layers":[],"texturedRectangle":{"isBackgroundTexture":false,"singleTextureOpacity":1,"textureType":0,"textBaseline":0,"textXHeight":0,"isVerticalText":false},"initialState":{"affineTransform":[1,0,0,1,0,0],"masksToBounds":false,"rotation":0,"scale":1,"position":{"pointX":960,"pointY":540},"width":1920,"sublayerTransform":[1,0,0,0,0,1,0,0,0,0,1,0,0,0,0,1],"contentsRect":{"y":0,"x":0,"width":1,"height":1},"opacity":1,"edgeAntialiasingMask":0,"height":1080,"hidden":false,"anchorPoint":{"pointX":0.5,"pointY":0.5}},"texture":"1FEF1393D9079A555CC7CB8524538F62"}]}]}}},"targetRectangle":{"y":978.04220036307174,"x":30.439060906759551,"width":110.13675689697266,"height":100}}],"accessibility":[{"text":"1062062060_2517x1888.jpeg","targetRectangle":{"y":119,"x":140,"width":1640.0000381469727,"height":842.00001955032349}}],"baseLayer":{"animations":[],"initialState":{"affineTransform":[1,0,0,1,0,0],"masksToBounds":false,"rotation":0,"scale":1,"position":{"pointX":960,"pointY":540},"width":1920,"sublayerTransform":[1,0,0,0,0,1,0,0,0,0,1,0,0,0,0,1],"contentsRect":{"y":0,"x":0,"width":1,"height":1},"opacity":1,"edgeAntialiasingMask":251658240,"height":1080,"hidden":false,"anchorPoint":{"pointX":0.5,"pointY":0.5}},"objectID":"0","layers":[{"animations":[],"initialState":{"affineTransform":[1,0,0,1,0,0],"masksToBounds":false,"rotation":0,"scale":1,"position":{"pointX":960,"pointY":540},"width":1920,"sublayerTransform":[1,0,0,0,0,1,0,0,0,0,1,-0.00035007912466775983,0,0,0,1],"contentsRect":{"y":0,"x":0,"width":1,"height":1},"opacity":1,"edgeAntialiasingMask":251658240,"height":1080,"hidden":false,"anchorPoint":{"pointX":0.5,"pointY":0.5}},"layers":[{"animations":[],"layers":[],"texturedRectangle":{"isBackgroundTexture":false,"singleTextureOpacity":1,"textureType":0,"textBaseline":0,"textXHeight":0,"isVerticalText":false},"initialState":{"affineTransform":[1,0,0,1,0,0],"masksToBounds":false,"rotation":0,"scale":1,"position":{"pointX":960,"pointY":540},"width":1920,"sublayerTransform":[1,0,0,0,0,1,0,0,0,0,1,0,0,0,0,1],"contentsRect":{"y":0,"x":0,"width":1,"height":1},"opacity":1,"edgeAntialiasingMask":0,"height":1080,"hidden":false,"anchorPoint":{"pointX":0.5,"pointY":0.5}},"texture":"1FEF1393D9079A555CC7CB8524538F62"}]}]}}]}