{"autoplayTransitionDelay":5,"author":"","timestamp":"2021-47-30 12:10:2","loopSlideshow":0,"filename":"Untitled 2","autoplayBuildDelay":2,"comment":"","title":"Untitled 2","showMode":0,"creator":"Apple Keynote 11.1","slideList":["B9D4F982-9977-4EF5-949A-B1789AF69185","3484D25D-04E3-4382-8D33-21A6A38C8DB3","449D51CC-2E7A-401F-87B7-06D8D189E44E","DD04C90A-BB32-4BC2-A4E3-DB1E2F6B0908","1059190C-6175-4707-892A-32384291AC6D"],"soundtrack":{"mode":0,"volume":1},"slideWidth":1920,"slideHeight":1080,"slideCount":5,"majorVersion":1,"minorVersion":2,"fonts":["HelveticaNeue-Bold","AvenirNext-Regular","PublicoText-Bold","HelveticaNeue-Italic","Helvetica","HelveticaNeue-Light","PublicoHeadline-Roman","PublicoText-Roman","AvenirNext-Medium","PublicoHeadline-Bold","PublicoText-Semibold","Helvetica-Light","GillSans","HelveticaNeue-Medium","HelveticaNeue","PublicoHeadline-Black","AvenirNext-Bold"]}